multiplier,avg_fraction_on_state,std_fraction_on_state,avg_total_changes,std_total_changes,avg_frequency_changes_per_hour,std_frequency_changes_per_hour
10.0,0.5119315586197716,0.012194305979083185,719.3333333333334,14.224392195567912,9.99074074074074,0.19756100271622093
100.0,0.5016493146352624,0.007814991809101276,7179.0,24.979991993593593,99.70833333333333,0.34694433324435736
1000.0,0.49960500567433447,0.0008505031073693035,72020.0,266.14094010505033,1000.2777777777777,3.6964019459034883
10000.0,0.4996341902486478,0.00040333902539988153,719821.0,143.41896666759246,9997.513888888889,1.991930092605052
100000.0,0.499726885823743,0.00010714161922879886,7.197976333333333e6,2668.916321905453,99971.89351851853,37.0682822486835
1.0e6,0.49999520088798627,3.332087172829018e-5,7.200299666666667e7,7085.947948816258,1.0000416203703703e6,98.41594373355517
